{"stats": [ {"name": "S0", 
"xy": [ 0.000000, 0.000000 ], 
"mean": 0.000000, 
"stddev": 1.000000, 
"conn": {"S1": 22.552761}}, {"name": "S1", 
"xy": [ 25.000000, 3.350000 ], 
"mean": 10.000000, 
"stddev": 0.500000, 
"conn": {"S0": 17.467623, 
"S2": 17.010002}}, {"name": "S2", 
"xy": [ 24.299999, 20.200001 ], 
"mean": 0.000000, 
"stddev": 4.000000, 
"conn": {"S1": 21.481598, 
"S3": 20.000000}}, {"name": "S3", 
"xy": [ 27.260000, 18.430000 ], 
"mean": -5.000000, 
"stddev": 1.000000, 
"conn": {"S2": 20.000000}} ]}