{"stats": [ {"name": "S0", 
"xy": [ 0.000000, 0.000000 ], 
"mean": 0.000000, 
"stddev": 1.000000, 
"conn": {"S1": 12.891999}}, {"name": "S1", 
"xy": [ 25.000000, 3.350000 ], 
"mean": 10.000000, 
"stddev": 0.500000, 
"conn": {"S0": 6.000817, 
"S2": 8.998874}}, {"name": "S2", 
"xy": [ 24.299999, 20.200001 ], 
"mean": 0.000000, 
"stddev": 4.000000, 
"conn": {"S1": 11.243873, 
"S3": -2.186749}}, {"name": "S3", 
"xy": [ 37.259998, 18.430000 ], 
"mean": -5.000000, 
"stddev": 1.000000, 
"conn": {"S2": 2.937497}} ]}